Month,Total Gallons Sold,Total Sales ($)
2023-11,13626,39436.05
2023-12,11915,42389.88
2024-01,12133,39792.08
2024-02,12879,44637.11000000001
2024-03,12082,45694.569999999985
